account_id,holder_name,risk_tier,opened_at
07e82828-ce9e-4009-9dd4-16fba9d4941b,Patrick Fuller,low,2026-03-15
775a5f22-d90c-4f58-b0fa-9f981c1a1671,Manuel Lopez,low,2025-10-01
755ce179-9286-48db-9c3a-7a062ba84134,Ryan Williams,low,2023-10-05
94b1b75a-010d-472d-9f83-6ab24301452b,Thomas Russell,low,2024-11-25
77685afb-57dc-4d77-ab08-d25541ddfaa9,Linda Bishop,low,2026-07-02
e61990ab-5485-4e42-88a6-c544e1236c23,Christopher Zamora,low,2024-09-25
5bc31260-228d-4baf-aed9-927d06497b53,Angela Holmes,medium,2023-12-09
d526bb68-26f3-47e6-b19e-d64b23bb388a,Adam Terry,low,2025-02-01
9692d186-e53a-4390-a98f-c2470fec4492,James Long,low,2024-08-11
dc4fd77e-5427-4caa-832b-54c3e8b01f44,Amanda Jefferson,low,2025-09-23
8ed6f555-d8aa-4fd4-9200-63995e0050ea,Brittany Reid,low,2024-09-09
79aea863-3642-41f6-856a-0041f49824da,Anthony Wilkins,low,2024-08-23
25f610cf-b449-4bd4-840d-2d253c85897d,James Bennett,low,2024-06-09
6599d26d-ec62-4c1c-8e48-f3db49adcff2,Douglas Wolfe,low,2024-03-25
acd76526-4e80-41a0-9ebc-64258cf138d5,Theresa Wheeler,low,2025-02-10
dfcc7415-b1be-46b4-84a1-2600524dba40,Eric Osborne,low,2025-06-09
bfbab38c-8aa9-477a-b9f7-8a22d8c0d317,Andrea Brown,low,2026-08-17
9dd9f884-0b64-442f-bbb2-c90e49add2f7,Brandi Huynh,low,2024-05-08
b4426944-583f-439f-850b-99c542feb35a,Steven Paul,medium,2025-04-09
2d0e37ca-36b4-43ba-8387-84369a405c22,Thomas Reynolds,low,2025-10-16
75faa12e-05b4-4470-ad9a-275e73af6825,Stephen Estrada,medium,2025-06-10
df5d1188-ae4d-4864-a0c5-24de68e0c909,Brian Allen,low,2025-10-31
f03c05c2-71c9-4654-abdb-b58f1d62b807,Jermaine Brock,low,2025-06-02
377f02e3-5898-43fc-a725-439fadd85d90,Pamela Callahan,low,2025-11-12
e85f7e08-aba6-40f4-a3f4-af605fb19d5f,Eugene Stafford,high,2026-04-08
930f8137-9ea6-4ebb-9a52-94645f85ed74,Mary Allen,low,2025-01-18
fba1c5a5-3df0-4b57-993d-0a4f257cb2d8,Heather Leon,low,2025-08-15
dcdff531-61b1-4926-8a5f-bb78d33a3ac1,Andrea Becker,low,2024-10-24
19b70c29-5001-4936-b766-a2289db453d6,Ryan Todd,medium,2024-04-24
4b09ae5a-1fdf-4c13-bd57-0fc3064a60cc,Denise Martinez,low,2024-09-19
4f31d953-356a-4ac5-9bd5-ca918e66ce93,Matthew Randall,medium,2023-11-30
418ed11d-84e6-4cb9-8a52-585fa5beb02d,Judy Lopez,low,2024-03-06
ad405b11-9bf5-4eba-b6e3-491be1f701ac,Jesus Phillips,low,2024-08-27
5599f1b2-b82b-43f2-b6e2-e77ae11affb5,Maria Jordan,high,2026-04-29
d69e7929-007d-4b09-a416-cb0b4d916e41,Debbie Livingston,low,2025-11-25
75ffa624-eadf-41eb-9d73-bf595a80f3ba,Colin Johnson,low,2024-02-18
c41c369e-35f5-4c75-b992-5a37813f7a2e,Desiree Vasquez,medium,2026-01-19
442d19b8-83ac-4313-a557-f6bb36c959bb,Phillip Vasquez,low,2024-03-04
fbb3abec-464c-447f-be4a-38fd66f5c28b,Lindsay Keith,medium,2025-04-20
1a7d6be1-d02f-4937-a461-981d9260db79,Amber Casey,low,2024-03-07
38ff13ca-0696-4ca7-9370-fafd88a54718,Robert Dunlap,low,2026-03-10
55de37d3-2319-4347-a354-df8f6551d681,Melanie Shelton,low,2025-09-19
ca1bd9a7-5856-4f18-ac6b-f68d923bb627,Juan Burns,low,2024-02-01
409df4bb-a268-4884-a8e1-d1c8efe8a9c4,Kelsey West,low,2026-02-18
b9130034-b9ff-4478-ac7d-a871f4af4c15,Christina Gutierrez,low,2025-05-30
00791098-547f-45a9-902f-022a49a0d42a,Michael Castro,low,2023-12-21
2ca6a250-667a-4f54-8aba-9c76cdb631ac,Stephen Ramos,low,2024-12-06
c6480856-1a06-4ea4-bbc6-b32ff05fbfe7,Cory Mendez,low,2024-10-06
bbba5767-206c-472b-a93f-39a512733db8,James Lambert,low,2026-05-13
ed4b5ee2-fca3-4f55-af2e-a50060b3a549,John Mcconnell,low,2024-01-21
9835ab51-ef1f-499f-add0-1c365325dd42,Kayla Banks,low,2026-08-03
20ab7690-f75f-4b15-b9cd-3641471d255a,Robin Harris,low,2025-12-07
399f05d4-40ce-4898-b973-18d308edfc5f,Christopher Wilson,low,2024-09-23
03d6efdd-25ba-4d4f-b62f-144e02aeec36,Anna Lynn,medium,2025-06-29
7e3232a0-72c7-406c-9910-c167cd0c217c,Terri Perkins,low,2025-01-03
b6137850-25f5-4dc8-b78f-2def95efbce3,Kimberly Ochoa,low,2023-09-28
28e81801-28d6-4097-9794-6fab9d7d8873,Monica Smith,low,2024-01-24
43ce8a04-8907-4a35-abc4-7b9ddb2562b3,Debra Phelps,low,2025-07-02
de21b56c-3f5f-42a9-a1ea-ff9b8472e777,Michael Lawson,low,2024-05-28
0aac8a64-e45e-4a7e-ac83-19d0f09b39b6,Sandra Madden,low,2025-08-06
aa4429d8-390c-49b1-8065-2e6a41acbf45,Melissa Dunn,high,2025-04-17
69fa860d-23bf-42b3-a7b1-4e15705012cd,Susan Conway,low,2026-01-26
79c4e7dd-3d09-4faa-bcb3-964c54a9ef53,Diana Smith,low,2024-04-09
4e48d0a7-d222-42e1-9e41-44dbbc6d2655,Richard Avery,low,2024-12-17
bb9ea9cf-b740-4b5a-96e0-47ec77b1d43a,Melinda Norris,medium,2024-10-25
e22d4a23-e401-4172-b90e-6ff2a480fc15,Cassandra Novak,low,2024-01-03
a07e5589-162b-4521-9cd3-3ce3b248ad38,Matthew Hawkins,low,2024-02-26
1466c546-e8ec-477b-830d-750bd5274760,Nicholas Vincent,low,2023-12-17
6d904616-1b05-47b5-a5c6-6a14e77458b9,Jeffrey Good,low,2025-03-18
f70fdb51-1f6a-4cff-966f-f07334c88a89,Christopher Gray,low,2024-01-20
a7e8a01f-f4ec-4355-bcdb-a386ee7e6ee7,Jane Scott,low,2024-03-22
ec279c9a-a9d2-4c01-b7a1-d1f1db5d42b5,Samantha Mendoza,medium,2025-01-04
1dba2d56-17b7-49e6-a76f-ef6923ee48ff,Nicole Elliott,medium,2025-02-25
6eec3b4b-67c4-4575-813e-059411d9b275,Rachel Crawford,low,2024-02-11
78fa1789-cf0a-4428-ad70-bc86d5070286,Robert Harvey,low,2025-11-05
bc1d88a1-e052-4a69-adda-0ada4d0ade80,Stacey Harrison,low,2025-08-30
027e82d5-481a-472e-aca2-27604136f92f,Jessica Rogers,medium,2025-03-28
53c0fa7f-66d3-41b9-b043-4419f60eee61,Valerie Vega,low,2024-01-20
9bf0d737-a8f5-4410-89cc-70455a110dd0,Jennifer Alexander,low,2025-06-04
7f040e94-8f86-4979-8d7f-b40b164a0f75,Michelle Fernandez,low,2026-07-17
8e3dbdc0-42d3-41e4-830e-424feb0a60af,Tina Hester,low,2024-11-28
10f65ac9-2197-403e-8131-898628d14ea8,Selena Williams,low,2024-10-10
8c211f43-a8e8-40a9-a621-d3e9aafb0452,Evelyn Petty,low,2026-05-04
e736be6f-d636-4629-bb20-f81f7c5cefcd,Paul Moss,medium,2024-11-08
2287eb25-9f2d-4027-92c1-08a132b55143,Tabitha Perry,low,2026-02-22
5b6a761d-6330-4363-b87c-5e62ba16f3c8,Julie Warren,low,2026-06-23
28deb2e0-55f9-4581-899d-a4f4940edfe9,Dr. Elizabeth Powell DDS,high,2024-07-19
c0d9c03b-6ce2-422b-8e38-1bf86f1406c1,Lisa Austin,low,2026-04-27
600d3212-a177-4d35-93ef-9ed3c9a6608d,Jeff Howell,low,2025-07-08
bcedb02c-133c-4ab2-804a-bc6e6d9a3fc5,Emily Phillips,low,2024-03-06
e99a18e0-36ae-4abb-95b3-248979eedac7,David Thompson,low,2025-08-06
7713ec63-53de-4a0b-878a-951ccdbb39a9,Kimberly Peterson,low,2025-12-21
f21e191b-d7fd-4bfb-afb3-7a56d650236e,Jon Thomas,low,2026-04-18
1d00de6f-22e3-4c28-9f64-f8e55a527025,Monica Collins,low,2025-05-15
4acbe747-03cd-4a1f-8e1a-bdc38978ac54,Jacqueline Hudson,low,2025-02-07
45cbaf1e-fe1d-4a5f-9d9c-5b485fde3185,Jason Wilson,low,2025-02-18
d4398360-a702-409f-8675-83888f051ec9,Cody Zhang,high,2024-03-10
673da489-b469-4216-b0b5-df3606fcd7e5,Aaron Johnson,low,2026-08-08
fc8cd343-8c54-4b0c-8156-406e62359d0b,Heather Allen,high,2024-09-17
cd7aaea7-05e7-4c8f-b6ae-e49208d6c4b7,Eugene Malone,medium,2024-03-11
dda61b28-c2e6-4ed2-a084-b2acaaf485ca,Dominique Proctor,low,2025-11-30
151a4fc6-d76f-437e-bc97-14c89040e2b1,Kathryn Gibson,low,2024-02-23
2a2259f8-7fdb-4b45-9913-d6f27c2f148e,Mckenzie Lin,low,2024-12-14
d6668cdc-97a9-42b4-a11a-df8cf969a1ae,David Cole,low,2024-06-04
ece72540-0e27-4941-87b4-50514a854dac,Eric Smith,low,2026-02-10
31f58c65-4a6a-4e89-8bed-81e054edb5ca,Christopher Schneider,low,2026-04-03
6ebc6c64-8eaf-44a5-9313-24df63c6342d,Henry Hawkins,low,2026-03-11
5cb6040a-8352-4f7d-87ea-a2aaf2e780f7,Paula Simpson,low,2024-09-20
c80cd11b-e928-4f14-bca3-91a2127e6ccd,Michelle Love,low,2025-07-19
4e4fc4ff-2858-4c30-993b-5dd46c8b2d73,Sarah Watson,high,2026-07-29
aedfebce-2b9d-4410-a9aa-5e2caad53a50,Chase Lewis,medium,2025-08-10
d87f1ebe-aa34-45e9-be8b-17e39159abe5,Joshua Rodriguez,low,2026-02-21
7fac6390-429d-4ef4-8882-8f28b5e2fa75,Nathan Lopez,low,2024-10-06
a04370ea-8f6a-498d-b25d-85ae41837985,Elizabeth Cohen,low,2025-02-19
b7f78559-94a5-4b4d-ab72-959e98237058,Lisa Fernandez,medium,2026-04-12
64f6eff7-8d76-4b9e-afca-a1d23c40b1bb,Eric Noble,medium,2024-02-16
f67429f7-427c-44fc-9532-61fc199d00ac,Charles Weber,low,2025-02-11
3fee5963-bbb4-4a31-b595-74decec49c8d,Megan Briggs DDS,low,2024-01-02
76211a51-457b-4021-93c9-8fca02b2058a,Jose Combs,low,2026-06-20
2e7e7412-948e-4815-a50a-fc4a3d477f54,Jonathan Walker,low,2026-08-12
e44ad636-3c71-4e9a-9661-3d389e7b968b,Kristy Roach,low,2024-11-19
36d1eed9-ae22-4b4a-97cc-d29620f57334,Wanda Sims,low,2023-12-18
72f21543-de2b-48fc-8d71-f6da4470378d,Michael Wilson,low,2025-08-29
8d53d184-74c1-48dc-8b61-016ea50771c0,Kevin Tanner,low,2025-12-20
18b440d5-2267-4c1e-96b1-ec825666d821,Tony Gardner,low,2026-02-25
6247b07e-37d0-43f7-86ec-3c9682fe94de,Elizabeth Rodriguez,low,2024-03-11
0a491240-3584-4b19-82fe-688514d7abd4,Adrienne Estrada,low,2024-03-24
90658cb1-02b3-43b2-877a-f73bc3faf70d,Mark Williams,medium,2025-05-15
13265a0b-d323-4759-8e2a-dd7a06b5b818,Craig Higgins,medium,2026-08-15
1a88264b-718b-424c-b79c-57bab6e364d4,Justin Willis,medium,2025-10-09
f629428c-8d8d-4623-b927-e5e124127640,Sean Barajas,low,2025-12-10
9534a753-a57e-499c-b3c1-a5ede9a75305,Matthew Hamilton,low,2025-08-09
3a8a527b-f202-444e-bdd6-32a8df1daf88,Dakota Holt,medium,2025-08-08
74429884-65f4-4d1f-930b-c930fbe61cbb,Craig Graham,medium,2025-06-24
81e15266-29a2-4371-b1f8-b1413b3c3a9a,Larry Livingston,low,2024-12-14
0a8a9e49-c592-4927-97aa-3372ccd50068,Christie Villegas,low,2025-05-16
3a4ec228-fc71-4c36-bf09-9c396a4f6669,Natalie Norris,low,2025-07-31
f38f4a12-d723-40c2-8b80-879388639c05,Nicole Robles,low,2025-01-09
99faf337-3db8-4836-92d2-7a12c80f98e2,James Chambers,low,2025-04-05
bae83ea1-ff06-4c0a-b70f-c63f0b6ca91f,Kevin Anderson,low,2025-04-26
38dff513-69d1-4c2f-877a-39bce46d47df,Caitlin Gonzales,low,2025-11-11
eccd72a6-9829-4c29-9064-9833e6c74117,Erika Johnson,low,2023-12-20
bea74306-2424-4136-b849-4acfa5c33cd2,Antonio Sanders,low,2023-10-22
5191a0ac-38ec-4a9b-b447-f7e0ed269441,Sean Hernandez,medium,2025-03-05
493f5a71-d812-41a0-8d37-e2de5b4f2655,Aaron Hansen,low,2025-08-01
eee0e0c3-0e57-440f-aa31-bc11a34780db,Susan Garcia,low,2024-07-13
4d990b59-c76e-4d20-843b-9d2277636723,Kathleen Ross,low,2026-05-23
c53845e6-c9a9-4fb6-9edf-53fb2e4b7600,Chris Reed,low,2026-06-25
645f0567-7c98-42c3-87b2-198058abe88c,Rodney Bright,low,2024-06-11
3b14ba34-3811-4aa3-8b13-35b2382bb063,Joshua Thompson,low,2024-04-03
32af9646-40a5-45a7-a20c-aad8edf2ebdc,Adam Chandler,high,2024-11-06
33a5ffaa-c3b0-4bf1-a17f-bb850feb4b9e,James Mitchell,low,2025-04-24
1e2cb217-7809-412d-ace1-390a095765b4,Karen Smith,low,2026-04-21
5497d417-e75d-49f2-a42c-4e9f7497e16f,Dominique Lynn,low,2024-07-03
b4a3dc17-b310-4431-b3c7-f121f338ddf2,Tracy Hester,low,2025-10-27
7da9a6bd-11b7-4b7c-bcf5-f23ebd7e95a1,Adrienne Briggs,low,2024-08-10
5b00082d-1354-470b-ae8d-dee5417bee05,Dawn Underwood,low,2023-11-03
68b6b75b-890a-4587-aa8c-8bd3f7a16055,Jill Turner,low,2025-06-24
9fd64c20-de61-4e45-8920-b91d546439d5,David Morales,low,2025-08-17
4263ef4e-4d23-47c5-b2dd-9991d139352d,Sara Allen,low,2025-09-08
73cf403f-0d18-473f-a21e-9402d3824c92,Douglas Garrett,low,2024-04-14
caacc78b-4d15-4612-b6db-bebb001c3121,Gary Nash,low,2024-10-26
65b4bb6c-0916-432a-aed8-888edad901f4,Robert Pacheco,low,2024-02-17
26c98d3e-2493-4409-a938-75299ea9ac46,Robert Young,medium,2024-06-09
2bbb7f7e-983e-4609-8496-db155b95abec,Whitney Martinez,medium,2025-03-06
12b8f5cc-8c50-4812-9a94-abef90a17a08,William Chapman,low,2024-09-23
72272aac-725d-4bcc-ab05-2bc46904130f,Kenneth Riley,low,2025-01-02
9db3d9ae-f59e-4398-bc8c-58e1ab99c8ac,Todd Edwards,low,2025-04-03
20e987fd-678a-4a8f-a429-0d5a2f4552f6,Wesley Espinoza,low,2024-11-06
a182a978-f55b-4a13-bf12-e631cb0fb436,Logan Key,low,2023-10-22
0c8052a4-2dcc-4e0f-a05b-fc04cc6d20b3,Suzanne Friedman,medium,2026-03-20
4361f9e9-f0d4-4c46-aba0-47096d6a23f6,Daniel Moore,low,2026-01-07
701d177e-e7ce-4d44-91fb-beb1344a88a8,Diane Payne,low,2025-09-16
7c717be5-852c-4637-9158-a10ade507b6d,Claire Cox,low,2025-09-15
1ffb177f-8719-4aba-85b1-96c711f11a14,Bryan Martin,medium,2024-12-31
899d8758-d117-43cc-9945-bd762e7437bc,Victoria Hamilton,low,2024-10-14
0376d4b5-34dd-4434-bfd3-5b3321790a8f,Carla Russell,low,2024-06-30
9c5fee0f-bd76-43c4-a2ca-4ce230819df1,Noah Lewis,low,2024-07-28
ca8741cd-341b-4bd7-9054-3f2648d832dd,William Douglas,low,2025-01-13
52b4e734-106f-4d43-ae88-299c83a79ce9,Gregory Martin,low,2024-05-20
ad17993b-ae60-4049-b375-6b016d0f6f57,Michael Dominguez,low,2023-10-30
f384d421-8421-4293-b85a-4a85bac0ae9a,Kerri Holmes,low,2025-02-04
7b8b2d7c-6f23-4878-9233-8fe795689ed2,Stephanie Nash,high,2024-10-07
dc314efc-1e49-4e25-824b-5de3c37316ac,Anna Johnson,low,2025-02-09
aae8b696-669e-4f77-9259-09eb6a6bd618,Jason Warner,low,2023-12-05
7b66ff84-d913-4fe2-899c-af0af93dd9dd,Alicia Stewart,low,2025-08-16
47dfb96d-8cda-42b4-8be8-7a90970125ae,Madison Lopez,medium,2026-05-01
de051405-f679-4687-830f-af3dc5e827a9,Allison Hull,low,2025-04-14
bd8bb3ec-cbe4-4519-a49a-2f9b7aacf904,Jessica Ramirez,low,2025-10-30
82a4033b-6100-471e-9e9e-811f90257896,Sarah Tran,low,2026-04-19
eb7fb57b-8b1e-4c88-9987-aabb94b3ce6a,Oscar Snyder,low,2025-02-07
4242c204-533b-45b5-828c-c2fcb34358ec,Joshua Harrison,low,2025-04-29
1402ef9b-24ff-4ed9-80d5-8381b410f8b6,Mr. Alex Abbott,low,2024-12-19
30d67af7-d518-4fb4-8156-f7eb17735268,Kevin Martin,medium,2023-10-06
5653a21b-1373-4bd2-a3d0-b28089a2ba13,Michael Stewart,low,2026-05-02
4f09bb1c-b4af-476f-bd2d-4d888b355c6f,Cindy James,medium,2024-01-19
e214dde7-21c3-4e79-9576-54d4cfb83bb9,Maria Burnett,low,2026-03-30
e3cd8162-f7e4-4f8b-9a6d-c82da2bbd8c7,Julie Ellis,low,2023-12-14
f39449a4-1308-4fcb-b553-c33bd0bbf365,Emma Miller,high,2023-12-05
b92765c8-6efc-4ab0-8beb-81ee29016d89,Danielle Lee,medium,2025-01-06
e0fbafbc-ec35-4459-aa3e-b45aabaf3737,Samantha Phillips,high,2024-08-31
d046edad-23e6-43af-a565-2687eb9c4ef7,Mrs. Melanie Ramirez MD,medium,2025-03-18
9ebf486b-5922-4d17-8029-0cb278e23319,Valerie Davis,medium,2025-01-19
f1d082b7-9b4e-4729-8adf-9d44c3fbb2ed,Mary Fowler,low,2024-10-09
f481927c-ee92-4d18-a838-d5778d5452ae,Derek Sparks,low,2024-12-27
dfa0c364-6434-47c6-9345-6a922d163d43,Renee Harris,low,2024-05-13
44ffb7d4-974b-43ef-88cf-203e255befbc,Maria Howard,low,2025-09-13
15ae4dc4-7430-41c0-a3df-9607c7219f8a,Gina Green,low,2025-08-02
bc25a1b6-6a0e-4227-a192-0eb4e0281c64,Jacqueline Moore,low,2023-11-17
7e80bd5a-af7c-4a0d-b38c-06b9678e54cb,Shannon Martinez,high,2025-05-14
ab68caf9-905f-4b00-8dc9-f8715de38b5a,Eileen Moore,low,2025-08-15
1fe3e331-8460-4f34-b72f-d8db442f6a9f,John Taylor,low,2023-09-22
fd244df5-694f-4512-8cfc-61f5acb980b5,Alan Diaz,low,2024-10-08
1d00f503-81d0-4119-a717-a2bc20495594,Jessica Martinez,low,2025-11-08
3508221e-5893-4070-88ab-ba36d603caa5,Lawrence Smith,high,2026-03-09
5653e51e-f457-4632-855b-4817803d24fc,Dustin Kane,high,2024-03-27
40aa1c20-1871-4c3a-b35b-9c8fcdb5df0c,Kelsey Jordan,low,2024-08-10
04221ee9-5c02-47ad-bd0d-aa6d9964440b,Bryan Bullock,low,2024-07-20
ff42fc5b-d89a-4fbf-b3a6-47d2f0f3b0b9,Tracie Byrd,low,2024-11-02
c6891c2e-4a12-4f86-b558-21fcdb3cbece,Lauren Soto,low,2024-03-30
503d54f2-13c6-4171-8534-5e8de5c6365d,Victoria Johnson,high,2024-02-25
05018739-88b3-4094-a9d4-dbeae5e7eb45,Renee Pruitt,low,2023-11-22
a1351ae9-16cf-4717-961d-5529a82a8e59,Mark Robertson,low,2024-06-16
4797c7d7-338f-484b-8cf5-d407404e0858,Daniel Reynolds,low,2024-11-24
142aab32-cffd-46be-b607-ae1d9492807c,Crystal Howard,low,2023-11-25
2ed2f712-bbfc-448d-b4ca-3c0d319e22d0,Andrea Kelley,low,2026-03-10
04fb40ab-05ac-465c-abf8-5856fd34b20d,Ronald Briggs,low,2023-12-08
a0327ee1-8ad8-4d67-a0c0-999abf7d6b4c,William Bailey,medium,2025-12-31
dfe1e769-2047-4459-8d0d-05ca83333461,James Frederick,low,2025-07-17
6186afd1-06cc-44a5-b386-572c9ad159b4,Brooke Simpson,high,2024-11-02
e951c3a2-4487-4cd0-9252-50552e5b49eb,Jonathan Jones,low,2025-01-25
f3aa6da3-9f8f-41ab-aa13-1bd648f01393,Eric Diaz MD,low,2024-09-11
fe1b288b-4aa9-48a5-ae45-525095c21723,Jamie Cruz,low,2025-08-08
98d3ad75-95b1-4c36-97d3-97b93c79c8a9,Tonya Crawford,low,2023-12-31
07aa5291-72b9-4025-8fd9-5ceda8362b6e,Sarah Thomas,low,2024-11-01
34764f2d-c3d9-4c39-ae7b-aea5a7ea0491,Linda Carr,low,2024-01-16
3ad4f3dc-8fbe-4ab9-bfcc-64c1404fbfb7,Joseph Thompson,medium,2023-10-11
d329a98a-135f-4cca-b00a-c4e5d1916c34,Rhonda Graham,low,2023-11-11
87cb91dd-4cb5-422a-95bd-c7a3a2825cd9,Alejandro Monroe,low,2024-01-15
6d170cc2-a882-443e-90c9-b21036e84231,Samantha Edwards,low,2024-11-18
82038cca-0cd6-4e98-af77-fecda2cbb597,Daniel Davis,low,2024-05-07
8eb89d90-6a4e-4122-b3c3-ce9a3622ed2b,Corey Bray,low,2024-12-17
4911b4de-0700-447c-8744-c7b8787919af,Misty Sanchez,low,2024-01-13
b63bcc11-c0b5-4991-be8b-4a78d5c497d1,Frederick Henderson,medium,2023-10-29
789e3979-5d0b-49b9-9903-cdae2014f369,Melissa Knapp,low,2025-05-03
47344d16-6442-4056-a0eb-1cf237aec2d0,Ryan Cochran,low,2024-08-01
f4a727e0-1273-44f1-9e1e-a3f24321a8e4,Victoria Gillespie,low,2026-01-11
490dc5c7-a46e-4272-bc6c-cada8866dd45,Latasha Oliver,low,2025-02-18
c6ac9b25-27e7-4da4-b7fc-fbf9540d1374,Jamie Norton,low,2025-03-02
e59da428-258d-4d82-9f0e-974539711ae0,Paige Bailey,low,2025-02-20
cbbc17b9-f667-42fe-a6f7-7e3c6d2677e4,Kelly Becker,low,2024-03-27
9dc78457-e2f9-46c3-aeae-b10c56ce61e1,Brian Yang,low,2025-02-06
1ed5e452-e6d1-45fb-a07c-80387e047c99,Anthony Dunn,low,2024-08-16
47ed87bf-98bd-48d9-bfef-9f70d3e696ae,Nicholas West,low,2026-07-17
399195a5-2e19-4923-9014-c30fa7104386,Megan Willis,high,2025-02-17
1181cd3a-55f5-4723-be9b-7dfd3217ee1c,Lauren Martinez,high,2025-07-17
5e0c0e5c-1fef-4ee1-9824-ad8d5956f2ce,Ray Garrison,low,2025-11-07
f6b9b022-f83f-4259-a91d-9e98c84c6315,Robert Maxwell,low,2024-12-17
9d992128-522a-4e25-9c1f-433808c632b5,Nathan Ortega,low,2024-11-11
8a8fb599-f3e8-45e5-82f3-f2fadd521539,Cody Escobar,medium,2024-07-18
25b6fd26-c95e-460d-b4d7-42c48e4eb432,Michael Parker,medium,2024-05-22
48eb7c40-99e6-4f08-88fc-536b7cdd911a,Brittany Campbell,medium,2026-02-12
c61c3551-4f41-4f2b-8d45-6240194919ce,Tiffany Bender,low,2025-10-25
6c5c18e7-5863-4dc1-ba03-c6f461e52875,Rachel Ward,low,2024-09-08
896a2d84-04c4-470b-a11f-9ffb6b4c92fb,Austin Barnes,medium,2024-04-13
64e6881b-09ac-496e-bd6f-d4dcea8daf17,Brandon Vaughn,low,2024-08-17
26b81a93-833a-4c67-9cc1-67887ff63d52,Jaclyn Rodriguez,low,2025-01-26
7fb3b782-3f38-487a-8aa2-0e4a08d05df1,Mark Collins,high,2026-02-12
efddc13e-0571-4c08-8a72-a58e6ff88065,Debra Spencer,low,2026-05-11
de965c05-50e5-4b2d-b727-da7da05aa793,Ashlee Parsons,low,2024-07-15
ea34d58d-59a2-4a2c-b185-14d3d52528d4,Elizabeth Dunlap,medium,2024-08-21
7bd73a39-9be5-49f7-8a39-6bf13e216d0a,Ashley Welch,low,2024-01-29
df596334-b4cc-4543-9b57-ca1a661b9b34,Matthew Flores,low,2025-08-31
3d067152-a1d5-4d39-ac3e-4c18ae449868,Lori Watson,medium,2023-11-15
5e4ec593-d4a2-4be8-b8db-8a2d0eb49533,Larry Fernandez,low,2025-10-04
1f643d29-de16-4217-ae34-b10daff9acde,Francisco Jones,low,2025-02-26
1612698c-0779-47c5-80c6-b3eb9b385ec3,Charles Williams,low,2024-05-18
49e15075-e006-414a-a971-287dd38979f6,Kristina Nixon,low,2023-12-26
3f96e29d-71c6-435d-b593-226196bef4d4,Paul Rogers,low,2024-07-30
91b664f4-203f-4d69-92aa-9556b5dbf99a,Gregory Williams,low,2025-09-19
0e074b9e-9eeb-4b86-a5d7-0900beca800d,Christopher Wood,low,2024-12-05
365c6230-5664-44a9-8475-8e0f19a96d74,Megan Shaffer,low,2026-04-30
e5ab57ef-8229-4284-9da7-27116c7e9398,Jeffrey Coleman,low,2026-06-16
5d6e49fb-d548-45c7-8382-aae63d4f0747,Mrs. Tanya Booth,low,2024-05-17
3d7419bd-1f79-463e-b853-6b1a5187810e,Tony Bailey,low,2026-08-11
59576613-cbe5-4a85-996f-25d0970ca156,Benjamin Rasmussen,medium,2024-08-11
ad3abc09-d724-4ce0-bddc-4ce40fae2b87,Timothy Gomez,medium,2025-10-18
a7a734b8-b213-4564-b01e-2147c7738d3c,Damon Everett,low,2025-12-04
2e58a05e-da40-4089-a43c-a06e472cb29a,Ronald Perkins,low,2024-09-04
3e254fda-7197-4090-aa33-77ccb0243939,David Jones,low,2026-03-03
1e5f3b33-6c43-411f-bcd7-c6b4652a829b,Anthony Riley,low,2026-02-20
60e6d0dc-2a11-4881-9435-83979d495383,John Valdez,low,2024-06-19
5d150b12-efc0-452d-bf67-f95f28a3af76,Paula Hill,low,2024-04-13
0a9121bd-f9e3-4d50-8131-c1ed1264a27d,Diana Richards,low,2025-05-19
b9b7090e-7380-4f88-ad06-f140fde963b7,Lauren Gibbs,low,2023-10-04
84a2176a-446f-43c2-9a36-2afd7b5ec361,Kevin Acosta,low,2026-08-10
1abe6d1a-a240-4793-8b84-1c517203b62f,Mark Vance,low,2025-06-27
79ca503a-0fc5-43ed-92f0-108e541d14dd,Charles Schmidt,low,2026-01-10
49bc26bc-d916-4d2c-8bbe-2691bce5cf7a,Tina Kane MD,low,2025-02-27
b6e2c940-37d9-4ebd-ad17-db5aa1f561c5,Scott Lowe,medium,2025-03-24
13b77364-aaa4-4e63-bafe-6a3db80b7766,Jordan Brooks,medium,2026-03-12
23dd784c-dbed-4125-8503-8cd6277fef74,Jacob Black,low,2024-07-01
182f3233-01e3-48e9-b17e-7f673f7382f6,Ann Smith,medium,2025-01-17
c106e260-1934-4687-9d90-c567953db90f,Amy Evans,low,2024-02-23
af4942ff-0952-4b0b-88a4-6750e9a221c6,Martin Hartman,low,2025-10-28
0537a3cf-8897-4235-a9d6-c1fea4c654c1,Evelyn Wells,low,2024-09-06
d0f7bb2f-7492-4bfb-9f14-d876c5b6695a,Jorge Diaz,low,2026-01-20
83c8bbfc-1b0c-4d72-810d-d7a30f535f28,Anna Henson,medium,2024-12-18
97a1b0c0-65ff-4816-9b82-27ea347e61ae,Dawn Vasquez,low,2025-07-01
7ef49fc0-b142-4c34-8fa8-d91dca632108,Nathan Casey,medium,2024-11-06
533193c6-1263-4e15-b400-f15eb5e1e467,Chad Cervantes,medium,2024-08-07
bf05bc4e-b900-4bcd-b5a0-f415a1b89c11,Catherine Anderson,low,2024-07-04
199e73f9-2895-4600-b643-2af1c9f48380,Ashlee Ward,low,2025-01-21
1f0a6890-8201-473d-b153-81ad77362030,Nathan Brown,low,2023-11-03
fc1b68e8-10bb-4a13-802a-aeb982f03084,Brenda Pearson,low,2026-02-18
9a65fcee-4504-442a-a3d0-f797e54aa559,Ryan Jenkins,medium,2024-07-27
438ede75-01f4-406f-a439-4fdfb3dd304b,Jose Ramos,low,2025-01-14
5f7015a9-4079-48ee-b533-b7f20223bf39,Amy Henderson,low,2024-11-04
9eff9bb4-4136-4b1a-8c03-73b0e9daf132,Phillip Parks,low,2025-09-23
db4e3498-4544-4aa3-bfa4-19d33bb96049,Nicole Livingston,medium,2026-05-07
1b67c5a4-c552-4f32-bf7d-22b205233320,Andrea Lewis,medium,2025-06-03
9ce0f14a-d7cf-4d87-9a57-1d7e70d40ecc,Mary Perez,high,2025-06-26
f5f4b7ef-02ce-404e-a702-aa8c64235d25,Kathryn Walker,medium,2026-07-05
8517f496-122a-42b7-9c1a-c37427ddbdcc,Diane Young,medium,2023-11-23
68f0b93c-536e-4102-b566-a9a60625b435,Katherine Ellis,low,2025-03-19
a13db215-e883-4033-9731-5e494d4a14e9,Natalie Hale,low,2025-11-30
e74a215e-0bb9-4ac3-a442-ab5c318a39c7,Mr. Jason Miller Jr.,low,2024-05-11
adb3aea5-e26d-4f50-85ae-5d4e19200efd,Renee Oconnor,medium,2025-06-23
0846b340-f971-4b54-8a30-0ecbac5eb0a2,Carla Johnson,medium,2026-03-10
9cc009d3-0a55-4d91-8b83-dc8ca2cb3525,James Burns,medium,2023-11-11
2ebf9927-b10c-4095-8b68-92bc744924ef,Troy Scott,medium,2025-09-24
09afc4c8-fbc7-4b6d-bd47-d85464d23cec,Samuel Hughes,low,2024-12-09
cb69bcf5-5274-4dee-b8b2-2cb3db8dcb6c,William Galvan,low,2023-11-15
d39c6293-35f1-4c73-8491-efde3089e4ff,Cynthia Herrera,low,2026-06-22
b609d911-778f-49c4-a4f5-6c775e5cde6c,Shawn Beck,medium,2024-04-05
efe35a39-bfdd-41ea-b055-f51c0317567b,Megan Young,medium,2024-09-24
3ddfb4c0-8efb-47dd-805e-a2e09967109a,John Davis,low,2026-08-18
06e9c0d4-02ca-4413-81a4-1457ac16db7e,Tyler Wood,medium,2025-02-18
0b870d8f-0aea-466c-bb9b-f3004a35545b,Rebecca Dorsey,low,2024-12-07
4a02ba0f-9eb4-4197-bada-9643b246553a,Molly Gibbs,low,2025-11-01
64797979-fb25-4a8b-997d-55e17421b1b3,Gregory Mueller,low,2023-11-22
6d0d8731-5d88-4a5e-a7ff-996ad96cde08,Carrie May,low,2025-01-28
219146ae-929a-4969-ad6f-8bf2588de5e6,Robert Wood,low,2025-01-18
10823d89-5b5c-47ab-8d5d-1252e485e510,Eric Gonzalez,low,2025-11-23
1b0220a6-700a-4609-9d78-e393f4e474e6,Lauren Mcpherson,low,2024-06-24
87ae1403-b084-4ffe-bad1-18798aae79e8,Timothy Edwards,medium,2026-03-20
990f99f1-bb28-43f7-8cf5-33c1b9a7749e,Pamela Jackson,high,2024-06-22
2975011e-71fd-4f15-95fa-0fd1d8cbffa5,David Morris,low,2024-03-26
c5b2af80-c4ee-48d6-8c06-f3df700c5cd9,Dennis Taylor,low,2025-08-25
83e6393e-7121-44aa-8f43-7c90b3cf9fe0,James Reynolds,low,2026-08-04
62c4bd10-69d4-4089-967a-2cc0d7d0993d,Shari Cabrera,high,2026-02-02
3aa75a77-bfb8-48dc-9c0d-e35850667feb,Kimberly Palmer,low,2025-03-09
b71459ce-4698-4fd6-98d2-d67bc942f6b8,Felicia Reid,medium,2025-09-02
dfb300d0-7a78-4047-affd-bb6e74d88413,Ashley White,low,2026-06-18
4e8f220a-ac9f-418a-8bf0-0697d4ffab86,Kristina Johnson,high,2026-01-26
ef2cee8b-9f5d-4433-af96-803fb54744e9,Amanda Estes,low,2025-12-16
3b438173-dc80-49e4-88d2-d0523226f8f4,Thomas Cook,high,2026-06-03
f3f74167-2bd2-42c8-adc3-4cf24769bf2e,Michelle Vasquez,low,2023-12-09
d7a5d3aa-73f2-44c0-9dd8-3c925c5e262b,Laura Fernandez,low,2025-06-02
2b417b02-13e1-4e05-85d0-9c42ca122d63,Monique Harper,low,2025-04-20
7ef00ae2-96cc-4af9-b45e-e73003c9c4d9,Carolyn Torres,low,2025-09-24
a469ac14-9559-4d4b-b1b9-8334eaad35dc,Sara Dennis,low,2025-05-21
e6c76e75-7df6-40d9-a57a-397337a4467b,Joseph Smith,low,2024-08-16
2cb52d84-a614-40bd-b426-aa5815dde7d2,Shirley Moran,low,2025-03-12
d22548bb-6ca7-4a81-8f7d-152573b6d3da,Jason Schmitt,low,2024-07-15
3441b2e1-a734-4009-93fa-205648b248cc,Bridget Armstrong,low,2025-11-19
0ba5a188-0284-450b-8a41-316dea8525b4,Dylan Murphy,low,2023-10-14
dfe5feff-b378-4177-bcad-eecb0c43794c,Dustin Williams,low,2026-01-25
fcbf1deb-366a-44c7-b14c-ed90bf764935,Robert Doyle,low,2025-04-12
c943c407-721f-4900-9b8f-c36baa5d2b26,John Kline,medium,2025-11-25
1d86e243-f869-4ce8-bdbe-b0f1461b3c92,Jordan Holloway,low,2026-07-15
68d45d93-46e4-4d90-be9c-ace6a4bbac0c,Samantha Ross,low,2026-01-15
a5d4eb39-b1d8-4066-b57b-87868cd0712d,Brandon Morgan,low,2026-02-10
25b5f6f8-1a16-4b6c-ab46-74724ad31f7a,Paige Ortiz,low,2024-09-01
e44cba24-b0ae-44df-b449-1c8ec1adbd18,David Robertson,low,2026-01-04
93f98acb-1fa3-4d4c-9875-91144f8b553f,Brandon Curtis,low,2026-07-28
5f9c7a19-2b63-46c5-b171-dc1ecac0bc48,Jennifer Herman,low,2026-03-17
b6fdf734-8d69-4ddd-b49a-9deba309ea73,Yvonne Edwards,low,2025-09-11
28c9e17b-0593-47af-8e14-7fd7716d3fe0,Nicole Mcdonald,low,2025-10-18
c0e86a92-584b-4b40-a2d3-d80f1a321f3e,Tara Fowler,medium,2024-07-19
db591ed8-a134-4bdb-b33d-878f6d0942a8,Jonathan White,low,2025-06-19
7c323ee2-7236-4be2-b840-06325284785b,Kelly Beltran,low,2024-02-13
facc7e3e-4726-4a48-822c-45bff089cd02,Sandra Jensen,low,2026-06-04
47f1fff0-6c54-4107-9181-b33a4b459fb0,Matthew Hall,low,2025-06-02
f24f5482-f295-4d84-a534-66836f878862,Joanna English,low,2024-04-04
4e880fcd-cb46-41d2-97e0-a23d9ce992b3,Nicholas Taylor,low,2024-09-19
c4aca2fd-e6eb-4e73-82be-6c5c7293d153,Rachel Reed,low,2026-07-18
059455bb-dc4c-409b-9366-c615ca2e0ff2,Kenneth Rodriguez,low,2026-05-16
941564de-dcf4-47e4-b238-a9cffb8bcc90,Matthew Clark,medium,2024-05-30
e6586fd0-6cf8-4640-9064-79cf5aa119b0,Keith Ball,low,2023-12-05
1ee6eef0-05a3-4b36-9085-29d8ea83fa11,Melanie Miller,medium,2026-07-20
1c97810f-38c6-4f13-82b1-d92c5ce8f084,Nicole Russell,low,2025-01-25
4457185d-4132-4229-8ea4-c355fbc3fd55,Anthony James,low,2025-12-24
4425a36a-1c57-4736-8133-ff0b384b1cbf,Larry Peterson,low,2024-07-05
66e507ad-5ed5-4386-8cd8-7a1d60d4df06,Whitney Austin,low,2024-03-25
08676bb5-f488-44dc-8121-85d53a9dd3cd,Alan Reed,low,2024-12-11
3ade8610-f783-47d9-9583-11e97ce624be,Robin Fowler,low,2024-02-17
81888269-a4e9-4d2d-b914-694dc3244fde,Michele Glass,low,2025-01-18
7e2b8e81-5b24-44e1-92b2-777ebedf66d7,Curtis Ross,low,2024-09-19
5dce9371-52c6-4807-ae08-f2483b5c2e26,Thomas Hughes,low,2026-03-04
ecba51b2-a12e-4a9c-9e75-c89706b546b4,Kara Lopez,low,2025-09-06
aa1c1875-9769-41d5-adb9-20e099650164,Sharon Brewer,low,2024-03-16
f572d35f-1396-4653-a4fa-9762c26c3039,Crystal Chapman,low,2026-08-18
3b42e733-9135-4db3-8b90-c182421310d3,Kimberly Ramirez,medium,2026-06-17
4cf251a2-6e6a-4255-b99e-eea09e1eace5,Elizabeth Shannon,low,2024-10-31
c5e181ab-62bd-43f1-9e2f-51eebf822341,James Thompson,low,2026-06-27
545b68dc-7814-4e1b-a587-c3f92bf40084,Phyllis Stewart,low,2023-11-03
d2f51f76-dec7-4dbb-8a25-eb620db57ab4,Theresa Schneider,low,2026-04-08
887618bf-deb3-4399-a94e-9f4b7659b682,Mark Dudley,low,2026-06-29
da9571e7-9ace-4e4d-8df1-d693126a6242,Mrs. Joyce Allen,low,2025-08-22
cf279b9b-4d3a-462a-b65a-1fa5cfca1491,Mark Chaney,medium,2024-08-29
85b4bf56-b8ba-4289-9247-e444d882a4e4,Deanna Cortez,low,2026-06-14
ef728605-1835-4914-8510-908cbc0c6d0e,Christina Shah,low,2026-05-14
ab3fd1bd-dee7-45c3-9f79-dea6b9b83fa7,Sheila Lam,low,2024-09-29
fc4ee90f-6d5d-4a87-85be-e85364e9ea74,Jacqueline Villanueva,low,2026-03-18
39560f15-7739-4b34-996d-f09cf2d69b8a,Joseph Brown,low,2024-10-30
74a52dbe-a6b1-4edf-a0eb-974b036e3d61,Brandon Jones,low,2026-04-08
49daa764-d7d1-4e6a-aeb7-7eb99e41a18c,Brian Schwartz,low,2026-01-01
69e8cf6f-050f-4b01-814a-d488dcb9c3ee,Rachel Gomez,medium,2025-04-08
d54f890b-2a76-4dab-8271-99fdc1495706,Christine Mendoza,low,2024-09-08
b5a831fe-68d2-4090-9d0e-8863da3d195d,Adrian Rangel,low,2026-05-17
483abff1-1b51-4b47-8886-517d50d2c9ec,Tracie Richardson,low,2026-07-29
2803e0a2-7c21-4dbe-aadd-41c26d9774c9,William Pierce,low,2024-11-24
661dc127-7106-417a-8164-560475e210b2,Abigail Mcconnell,low,2025-01-18
3726a6e7-e8a4-46cd-967c-4979e07631fd,Matthew Boyd,low,2025-06-26
08d76b79-8086-48bb-b88c-3ee3713cde9d,Zoe Wise,low,2025-06-04
36d2d275-c32d-4696-ba6b-1d7d9e3e03c2,Joseph Hammond,low,2024-08-04
f0ae6398-d138-42fb-ab0d-01a4abaacd0c,Bobby Cooper,low,2024-07-21
b5968e7d-36b9-472d-8a80-6be10c39e1a9,Joshua Martin,low,2025-06-20
3d858b2f-92db-435c-89c5-219b7d432d1b,Jeffrey Stewart,low,2025-02-06
a6be744e-4409-4a16-a85d-fc72dd06e21f,James Henderson,low,2025-02-03
7da54021-ea03-4b0c-8e51-5690a49c4dcc,Tamara Wagner,low,2025-11-05
a37f74fd-43be-43c6-91e9-16777b73a1b8,Kyle Charles,low,2025-04-19
acf2e189-9acb-48b6-b4c2-5315cee10675,Dawn Johnson,high,2025-09-16
6ab71433-9994-4f2c-a2be-3322634edfc4,Elizabeth Barnett,low,2025-04-18
6260eded-fb4a-4300-8b56-2dce33d8d3a1,Mark Benton,low,2026-08-06
f1c621d8-aea8-4b75-80aa-a3f1dd1fbbac,Kristin Gaines,low,2024-04-17
2de1dd3a-fb3f-47f3-9941-6620781da530,Krystal Hall,medium,2024-07-16
d72e947c-2c59-4b52-a501-3b9377e70957,Patrick Maldonado,low,2026-01-25
a5b9e124-a910-49d1-b154-cf251891dd62,Drew Mendez,medium,2025-12-09
ed0fb404-0803-4041-abab-fc79fa5ba5de,Rebecca Lang,low,2023-11-03
da76b7c2-dac9-41a9-a124-7e5891492869,David Calderon DVM,high,2024-11-27
017d6839-1454-4178-9d59-3d3f3345e961,Joseph Stewart,low,2023-10-19
318af888-e2a7-4f1e-8650-fb372b97dc1d,Matthew Rodriguez,high,2024-05-15
e07dbc84-ae7f-4777-8ada-b80c707b1826,Justin Barrera,medium,2024-10-16
a059ef6f-af1f-4794-8791-6fa86d55626d,Travis Powell,low,2025-07-05
76eb2c65-f6cb-49f3-80e9-fa048e003ef1,Mary Brock,low,2025-04-16
fcad0466-dd10-4317-b207-7660f8d6e78c,Matthew Jones,low,2024-01-08
4ac52d53-e65d-49ec-9560-6cf0cf0b7bcb,Tiffany Carter,medium,2025-10-05
7ace8ff3-90c8-4c72-aea8-115df133fa44,Carl Smith,low,2024-02-18
3009c489-e2bd-4308-9bdf-3e700732faae,Michael Wilson,medium,2023-10-01
3ff9d0fa-841a-4007-b520-964792b7778e,Jenna Larson,low,2025-08-04
709757a2-b024-4a1f-bb50-16e2a85d8046,Alicia Torres,low,2025-05-17
e789175a-b3d1-46fc-87c5-d887bd7bf7e4,Jennifer Hancock,low,2025-03-01
06a72112-1b75-48ba-b542-da17b5cacffa,Carl Hoffman,low,2025-08-02
58fc34e8-0ae0-4642-bdf2-12b6e7e9617e,Andrew Gibson,low,2025-03-08
d8ade7bf-fbf3-441a-aed5-717cabe07e55,Isaiah Le,low,2024-03-18
7d69e05c-e48b-4b3f-bbe4-c4bdaabcafbb,Ricardo Thompson,low,2026-06-30
4fc22add-4877-4549-87b2-b602cbdc67cb,Debra Willis,low,2024-11-06
ad6447e4-f3be-4ba1-a8a9-4d96e7863a04,Anthony Brown,low,2024-06-30
da120022-ea98-4cf3-9e72-9753916aba1b,Monica Green,low,2026-07-22
1794e7f3-3c30-460c-be77-47381591fbec,Belinda Mcgee,low,2024-10-06
dbc98173-1e01-431c-a99b-ab9468bae93e,Mrs. Heather Colon PhD,low,2024-12-24
d782e902-af71-4dbf-b4a5-8308510ac53f,Wesley Jones,low,2025-07-25
afd63a55-44a6-41ee-96b0-46788a9e4f1c,Vincent Patrick,low,2025-02-12
1c77c6f1-42a8-40c4-a080-923805b7f04d,Blake Olson,low,2024-08-19
d7d87e36-fcf8-4ec7-a956-4d1e8ec7b46e,Nancy Osborne,low,2023-09-24
b82cd395-0f56-4a90-b2d5-d651d9f058d8,Samuel Richardson,low,2024-01-20
895dde13-e078-4f1f-849c-d30cbc8a1f37,Anna Richards,low,2024-01-03
e71d8022-bb36-48ad-a59a-78e768ece105,Anthony Ford,low,2024-07-15
c664deeb-0e47-4fc2-a9f4-4d809a72f52b,Denise Collier,low,2025-07-17
ee08031f-a6c9-4035-8431-d6d061241cc8,Meghan Chase,low,2026-07-30
e68a982f-5c9e-43d5-9176-fbd088ddc0f2,Daniel Brooks,low,2026-02-17
09d35776-47ba-4bda-a925-aaf97c46ec37,Brian Forbes,low,2025-07-27
3945889b-c17e-45a5-a2b9-db76cb294573,Roger Thomas,low,2024-09-12
81381ada-d761-495f-9295-48373e7dac0c,Melissa Watkins,medium,2026-03-23
fec5e116-2db4-4eeb-85a5-89370ad14685,Monica Coleman,low,2023-10-25
92340b1d-64b8-4a34-9d40-c16d3b35e1c9,Andrea Faulkner,low,2025-09-08
b1bb0451-ba29-4113-9bd5-2410ca3ca8ad,Kathryn Ford,medium,2025-12-26
e7e06006-641b-4d44-8f4b-3b8109403208,Deborah Chambers,low,2024-08-16
517529e3-cb15-4d73-92c5-bd1df87e2b17,Courtney Grant,low,2026-03-31
e2b45b44-608f-4cf5-b004-1c2547e0b4ee,Robert Davidson,low,2025-12-11
eabb1d3f-2a2a-4b9b-b763-9e89342abdf8,Cheryl Anderson,low,2024-04-24
9c4e925f-68c3-4f91-bc4f-275afebd1d96,Chris Dodson,low,2024-01-10
606d265d-0362-441a-a1ad-5607b320610f,Victoria Morris,medium,2025-07-16
7e6a763b-4426-415b-a8d9-5073f01abec7,Dr. Mark Duran,high,2024-07-16
36053294-c7f9-4a00-8738-2fbb7f68c068,Vanessa Prince,low,2024-05-02
3859cf67-743b-4e71-ab46-1648e85506ec,Alyssa Richardson,low,2025-08-23
c99637b6-af6f-442e-9bcb-4ed184b9b9c7,Natalie Mullen,low,2026-01-10
3a9a0418-4822-459d-a361-6992ee566877,Samuel Ford,low,2025-08-24
6a259527-5d5c-43d8-a344-bf2fd2fedb93,Juan Orozco,low,2026-05-08
e99d1528-086d-42ab-9e08-6a6a3c7b7644,Marvin Wood,low,2026-03-04
a894f9bb-4be4-484c-9342-42bbae1ad680,Robert Perez,low,2023-09-28
4399c957-36f8-4804-9748-b1c457c869c4,Joshua Walker,low,2025-06-10
0f1b6e92-3161-4974-9158-305417ec2925,Andrea Salazar,low,2025-01-07
619c6d6e-f4eb-488e-b6b0-7729e9c9a524,Shawn Johnson,low,2023-11-08
6e6e1dcf-0aa2-46d6-8938-4f15958280c9,Ryan Macdonald,low,2026-01-02
be99f409-2c7c-43f7-9b1a-ee43841c8184,Laura Holt,low,2026-05-30
8a0bedac-a442-4c60-b146-5ef536b81b70,Ian Robinson,low,2024-03-31
5301f171-dbb3-41f2-86c4-74750f623d18,Kristopher Kelley,low,2024-11-25
