device_id,fingerprint
0248d333-945a-44ec-b45c-70865e05c226,7534560402db
fd1d46bc-51e9-4964-8db1-dde233b20d0d,a6170d33cb6e
869c721a-0866-44a4-bd47-2c08f2160183,8c2af9479f88
91b26a82-807f-42e8-81a1-8aa075103c02,3e5321770e13
7558e0ee-156c-41fd-afda-912dbda12da7,f1be3543cf20
ff1a82e3-85e2-45a2-8e5e-5c07a520437c,5929d4c15410
c06c39fe-0b65-4461-a209-ec07928f7dd7,8edd4422b905
574a49f5-51f8-4830-a61e-aca849063349,08e5db1f79cf
510acfb3-1475-42bc-bfed-9c634a10dab6,5ded7004f488
53d6a688-8126-4bd4-8295-bf9aca91a0ab,e939d44eb4f5
67352ded-06cf-4178-980e-3e20c7b1c8cf,292d4c3c8a66
ab39a170-0389-4e77-9162-2a318ce6bbdb,febd784731d4
e230fc9f-61d3-47e1-8c77-afb406cf7171,0e34f9817adf
3a7a588d-45e2-4c0d-96a0-40d923943b36,2e4be1010797
ed749ceb-c485-4985-be6b-46c458654800,f1e6fce1704d
e89062ec-2830-44cd-9489-61c3acc400b4,fa7a2921296b
fcfa09a8-83b1-4abe-bf61-cd28e1b9a026,8b2dfe32caa7
b7782c65-b740-4b0d-8632-505c7c544338,c5581fe3ae60
9004fa72-27c8-449e-a702-02b1853877c0,48c71e4d985c
32017e93-8f51-4323-ac30-4a2dc04bd8f6,2e9388df3b7f
f1043cf5-c061-439d-8250-be3c54033f49,edc46f9972ed
2ec3352e-a5a7-4dc3-8643-b9a3651bbaba,600035d50710
08ee1778-f1c5-49f2-9955-17ee55d71501,ef20bdd7ffe7
1cb84319-e9c2-406e-8d7b-c00e1fff5941,436409a6f458
d5203c55-7217-4e18-b2fc-dafcf1081171,41442ebbd1f5
b9951e4e-fdaa-4c03-8028-098f283ebe91,61f5f22359e2
0a97e6da-ecb6-41b2-997e-6c76d7be17f2,799012c35ee2
edff3528-4941-49fb-9407-0add64bf154b,9dfc47443390
55bd5c66-f541-4f4d-a92b-c708cbd5a40d,35b861174b1f
0a8da13a-3845-44ff-ad01-f59ab657d566,d9be822fdd60
292d33d5-e83a-44a4-8de3-57f827b493aa,948278dcbc29
aa357593-4317-4245-9624-da8668b06773,500e990fa3ad
d48656fd-cfdb-48ad-acb8-9ff1681ae04d,3c5f7d957120
bc98d8f9-70d3-49d8-b118-98fb2c954580,096e250a2842
e3157128-e633-45b5-a5f8-be8130ccb4fa,1da92c42682b
dc829b06-65ef-4688-ac8e-758d7435afa2,262bebfcbbf0
dd360336-ceb3-4ae5-9d0b-0288dfde5d7c,1f631d56ea3f
ebd56271-73a1-4e75-b908-a3b638a0ec00,837a6007efc1
016ca2ed-2933-415d-ad43-55bdbde6bf02,8d89eb3b16fa
c4ff3bf8-21d4-4190-bf9f-1c006a9c3d4a,f03c4a9059c0
105c3afc-fb8d-4e95-9958-b0397f8ab14a,422b01056188
cfda5e9d-9c86-4a11-a44a-5c1fe7687dd4,d68ce00ac121
d5c12209-2bd6-47e0-a475-9ff97710d867,a7fe9c7662b3
22d9c7b2-0a83-4b76-97e3-58127b20d458,a2f44e58c302
2bd4fba2-2777-4cad-82f5-d0a62ec677b5,9bf7ab103adf
9c31a87d-3501-4497-8377-15b481758cd3,e07dad553728
1c91075b-55e0-4433-a3a3-7288c2aa88ec,68da5eac06b9
0f0cff39-7b3d-48f1-8efd-2c4812bbbccd,617a090d123e
76daa112-bee0-4c92-9ab9-e7c0eb50a6d4,0b6104c7d3f0
b877824d-bd7a-4f59-adea-639eccf4d91f,696346cf6417
d59b566e-8be1-4357-8a6f-ea6abc3d82ec,ab6f507b5fe9
3a74cd48-cfc4-4d10-9a1c-1e9949e065e7,a3822d4172dd
0618cdf6-5311-41f1-a879-270bd107e821,729c464d6e46
d2e967dd-deb7-48fd-9214-3e727e6e007d,dc2a6cfb608a
39b3c330-9bbc-4320-8eb1-05783355b0fe,f236900c87b9
a7053661-2a2f-4877-b0f3-013ee0e79aaf,446fe513c561
cf28bb36-434b-4923-a1e4-419c17351377,23109761af0c
dc085944-fc9f-4c21-afa3-d98e87496020,9dfdb2511628
72231087-299c-4b04-9e4d-60b0859ddff0,be3a3ff8b8d9
d0ecc6ad-4895-4953-8ca6-d4e75bb17e22,2cf12b8bf680
50733218-d73b-456d-9597-c8b82e4fe8fc,cc0fad14f764
a272fd63-95ae-4517-be97-3db589843805,fa8b4d7ffc8e
128d9e7f-3fb5-4e63-8a72-c35a8dcc00e1,82d8ccafff8f
11f9b95c-654c-43d1-a81c-ff17e05dffbb,b32abc36c74d
527118f5-bd05-406d-93f2-33cc8d84c66d,fc14b3834cf5
447196e8-0410-4895-b6cf-ad2a3dfdf3e3,f29f945ec0de
1aad34c9-6197-404e-b589-e9ab2a004dec,5a15d531160a
a198696b-d34e-488d-9469-ac8da1be43fe,6b6b8c1234e0
f788fb5a-23b7-4a27-bb02-161b8221ee4a,80c16cf1867b
906e46f8-05ad-49e8-a6cf-f9b35751a459,550dc62350b9
e376a372-e7f8-4d88-8216-ecebf5872388,7bc781a4e2af
7f1b4cf4-ae57-46a1-af76-45d4e9849a61,eb210a941e49
cc7f76e4-c4a9-45c9-ae58-c650c6180b41,3a5d4beffc8d
5fa40825-8180-4254-abf0-3d9399d18320,5b55bc4973b2
371ada91-aacb-46d4-8157-d3027d8a5144,8a336d0f5957
c565a243-85b7-40b2-a9e6-96baf598ef22,cb150bb0b8c8
871aee2a-9dc1-485e-b1bd-56202268a79c,3f63a5ce9c13
c2ca8e50-6a97-4fa5-b079-15498c5f980a,7caf161c48a7
56643039-a2a3-4cac-b354-ed00bb0a2668,b1b89b8cde3b
6cde38a6-6ba1-4afe-8b4c-ace2989e8f2a,fbf83d0ca592
5b76df25-b719-47c1-968c-1a5b8fdea3ab,809f1beab350
29794e42-ed08-4c97-855a-44b4a796fec6,1b4b48d8d9b8
55de37b5-3678-404e-bc2e-fcc00fc20672,1175cd1f5446
6c87d726-4803-4d75-a840-5fbf8f131723,cfbf90ec5598
f2e2e424-5bcd-415c-a345-c3325c46c7b2,688d68c81f0d
10d48c8a-e468-425e-8016-b00940af1e02,ab95fe9d6456
db9aeded-9f25-46f5-8b49-4b1151717b84,ec992966cd29
5e9e00e5-555b-43ed-b195-33a5a9d7ed18,3e53e449f886
14944706-dead-47e8-bdd1-bb11cc396ba3,43284a010ef7
24e0c6f0-ae5e-4418-abbe-21ba58c0a509,aad97c6fcc2a
fe726731-8f4b-4666-9a08-84d0b0cf8d62,ccaa0f4688e4
3b4ff389-851d-44b3-bfba-92f89b8e17a1,4fadfa1990b6
455f3445-b9a6-4585-943b-b25a4222766a,b2582f962735
c44b5fb0-244f-48c9-9192-07ade186ab04,30325ce1274a
3a8af95a-61a5-4316-bbcd-a797162bb5e3,55aa46e27b54
eaf4f618-bcda-4ed4-829a-c1c7a7486cf3,4bc6f5167216
2f50ec22-3cde-43c5-9641-45085688c4b3,7dd447049dc1
3bf149d5-1c0d-46d3-92c4-d2d2381ebd93,a6e1c8f6ffab
8ce4964f-6b7b-4e1e-963c-0b23d05757dd,f9fac21a6b57
90a7c619-938e-4d19-9301-939a54219503,8810180f186b
f01eaaa3-54a2-4c38-b3ca-33a945c43c49,b3b110151acc
8e66a555-0f89-4645-bd71-e3bfcdf8b262,e70c21f55339
f68f2e95-9f46-4e6f-bd14-d54ef9a7d53c,f3910a912081
20b805de-8742-4b67-852a-ee84e0a3773e,cfb8df22b7a1
b22f5034-ba0d-43bf-b2a2-6bf0226f0516,d58b72a263f5
988e724b-1f14-40dd-a1f9-323ec4d718ca,94ccb77da630
6c7a4083-232f-496f-a0d4-1f7b54c15bf8,6fca3307c30b
0848ebcc-b276-4b95-be29-e2ee41917b65,810155f67079
c24b9ffc-c588-4db8-9838-db0115a80c00,68a20b42304f
05cd180c-5614-4ee5-a9bb-22fbcf8c1c7e,205387f2b238
b555357c-72f8-4f40-8c1a-87c6811310ad,a750e3fd9019
f197d283-91f5-478e-9906-9206790be45f,236e338e7b94
62df80df-572c-4d20-aecc-40f05d0f2994,635e565b430c
ce3c554b-6e57-4640-a2e0-21685a820490,84f16b1bf8bb
1aa9da1a-57d5-45af-80ca-f03cc2ed45cf,1ce7503682dd
6489ec4e-6517-49b8-b63d-9d16cf09873b,1b853ae160a9
82c784a6-3836-48da-8c70-3e925de2232b,53ec08755e4d
f769cf90-427a-4f39-8cb2-5adc3f3d9fbb,0746cfd9bc3d
1a16c9e0-c176-434d-ab19-002ffa33ac32,550ab11b189f
06c3c213-7dad-4942-b817-d57dde84ade3,1150a45d2e4d
095c8d41-681f-476f-beef-99281a5b8904,935b8a1da787
d85e7025-11c1-4bf7-90bf-5a03f0b33311,8c7389d8d41d
4890617e-19f0-494c-bac6-2dca0ebda835,423f5732471d
4696934e-feb4-4d63-b326-448c1c9db04d,0588c010f246
6a0ad27a-2331-4f6b-a472-1ce7ecd710e9,4145ec25b0b5
9150b795-f096-44b4-89e9-9ab98c522140,e4d81cf255e6
98d4a418-285c-4d93-8163-6b71c8968e20,8534c79ca956
d30bc9b4-7aeb-4050-aae4-f72943ab8240,9d4c530fc211
377e9973-a835-476f-92e5-7c4bb88aa405,3f8b7003bceb
a86b5e3d-cbcc-4e1d-b632-66579da52961,2d2a60459bc0
cbb92554-c540-4ee2-9b26-9cf60131f561,bdced6ab52dc
a8d22936-e112-4963-91d4-2316e6655ce5,3824b0558a0e
9bacedf8-b6b8-4e1f-9165-889c601e9a05,2fbb9563b154
d3ec0eac-d179-4f34-b283-2e34af47d666,0e45a205b816
b507ddfa-c139-4643-bf45-41fb2839e294,8b8625d51a11
e8aa839e-381f-4172-84f5-ca596c3f94a8,295f83de441a
c68eff51-44ad-4f26-8987-22296666c769,dd49a2e7c82b
d6d004f7-d600-4c50-8358-617040cd72a2,49b537387167
77d6d221-cf4f-4526-a452-eaab2e3af393,3783cf6d2572
cec4b98a-9767-4dae-b324-1756bae9cd2c,69c5a2aa6b0a
868e0957-111f-4290-951c-019a0e9d2d05,2be8d300c14f
361d3e29-b22d-4ce8-8659-c451cfb6926e,c3bb90b035e7
d1b30ad4-eaa0-4b86-bde9-726699d65ca7,5bfaeea2bf5e
80a407ff-3332-4f1e-a62c-05f250818635,6d5262755a40
97a683d8-ee0b-486b-aa2e-0b893ac59068,20e24394cb88
1ecd0b9f-093e-4da2-9fbd-50bea7552bf7,68aff836a5e1
7ea4bcf5-3490-4e7c-9fc1-bec662b6000f,d0c43e3b2d3f
7d3f31f2-56bb-48aa-929b-fd5dcce2fed6,bc8e530c2bf8
a0cb7dc3-619a-4be2-a624-ca9a56e0fbac,94bd7cc22a9c
3b0b3f7e-63ce-4fce-b869-e07fe8d97179,22171b7c692b
805d35e2-d6ad-4b3e-a55e-64c932c74fed,b2aca07ef6b8
2220f0d9-880f-43b8-83d7-c4e192b5d303,a9889858c116
5b1b229c-a8e5-43d6-a7cf-70e5bded02cf,dfd07334e19c
23da3473-38a4-4392-9f00-6b65cfb4b34f,fc1ead745af4
16e6a7cd-8584-43ab-aa5c-5bcf3ae07e15,147118379070
1a52cd04-e319-4021-af3b-cd1a9d7cab8c,2918b16e7593
7ce5fb6f-2558-4415-857a-d1695ffbe6a2,65e60adc5229
29c30332-fe65-4592-aed1-1223cad4f4ec,7b5f48c40b0f
3bae01f3-7995-44fc-a8e6-22467e70a90c,5b24827360f9
8f7f6b02-21e8-4a81-8e85-b74d5683d46b,42640a02ae7c
5b687c33-6e10-4ef0-8cba-43fd81c79011,8a62665bf030
a64666c8-7a16-42a8-9598-dcde150ee891,bebac23b0124
5f52003e-315e-46d4-838b-2aba47c97f01,6df30c91f8fc
547efa66-a291-4760-8388-5f1cb0e17870,921b940a9c56
217cce9a-fc26-49f1-bcd5-da4b4e8171dd,d3ca4a28ce98
bc0da747-5481-415d-9510-7370deb7150a,da2b2378220c
fa4bb27b-0fe3-43c5-a41b-3e9e8e9a232a,99ae1ee18549
9066895a-10c1-4293-8cf7-84d418faae57,0378b08bd6da
98c93903-a23d-44e2-8379-677e79a431d9,cfdd8a27bd19
a58daa70-3085-4ef9-8225-8a8ae7c3cb95,2b6826c6f4e5
859b60d3-e51b-4dc8-b946-0a7cf7971932,63e04530e1e8
67c4f3ea-36a1-4952-a1ad-605b0c959b37,c86a16e4001d
ac6ac1a2-a02e-4f11-a9ca-42759b140ce8,4afe51aa5aac
403be264-42f1-4a3e-b956-3d65e0cea0fe,58e349642cb8
ab6fecef-1fec-401f-bd76-32f7809c581e,020ef257f453
3c2c237e-c888-4013-905d-36a382150521,3d49b70da089
9c1016a0-9e6a-406a-aa31-2bc61732f50c,7700dd23310f
75a092a7-d346-497f-bb50-10060d8da26e,6310ffe8381d
c7e43080-666e-4eef-82e8-82974e2eb105,0d71832bba9c
7ccb3a7e-c07b-4b0c-8815-61c199ea9825,0e82999a6a07
5d10dc93-cfbf-4080-9f7d-e08b31619c6e,7f325a7ad94c
f765973c-eb85-462c-92c6-7d657e643025,78e3706c08cd
a1301752-bf5f-44e3-b984-8968951c8cde,d474d257f039
ba5dd0b5-cc03-4a52-a069-3da9f71c9eda,35ac94c87580
4b30fe79-040c-4760-818d-13aad033ff6b,7c952ebe83f0
7f66265a-e9b9-4fbc-84a8-61df1622cece,69e90975fa13
1ce29ef2-1d1b-440a-9f39-5987c29d4732,c81f16d02acb
075a824e-bf08-4f96-ac45-690056f8bf52,6d818ef2c336
b0f16972-09e9-4ff6-8f64-4cd9f87bf37f,0d89760b9178
bd865394-6c34-4750-88d6-454812ab4ec1,44e4aa8b9386
d0a87d30-4923-4962-ba83-a1eba48d34c0,b2cd07f5187f
12dca31d-6a02-4072-bcca-186b8c8c33cd,8fe039d55cd7
f61a8f64-a135-48f6-a758-25c9d42bbd0b,fc6973d108ac
335b3bdf-a813-4190-b77b-34b531999966,34d20cee6e5c
af9a7db2-3824-46a5-bc9c-dc94ef5b76ab,b26785d1df8a
6c3ce9d9-7cd3-4918-9bd9-355a527ce605,301d1a2d94ee
0cd53834-9935-4521-bd14-ff418ed8c1a6,045495780dd8
a987f503-6309-4131-a39f-8de6893753cd,9293d6892b2c
0d1f67f7-1508-4d62-8b32-958862211751,bde30b16eebb
90ce7b25-e253-4743-994d-ec9f162e749a,e3bc2c3ae6b8
8dd98fda-625a-4bec-b5d6-695eb43d8214,c85049b647ed
3ebe3b2b-9b6f-4efd-b179-9d84a580679a,cf3c008830c9
732a7b39-630b-43eb-9fea-de7afae9f77d,258522167782
263d4d45-ffce-498a-a48d-20c733b609f5,3b5ab2c377eb
76142915-56f2-443e-9225-83b1be031bd9,248b93b49386
0dced07b-542d-47e2-b396-b4b8bcfee6d4,da33b0706a78
ca2d805f-2dd8-4406-afad-8cd678e6286c,016be473e3f7
8848ea51-aee6-430c-88b3-b74b8149a0ee,8180c462b9f7
704a47e7-d369-48f5-ac97-b80dc38f301f,6ab7c3f7ce0a
32b95ff4-a732-4f2f-9345-b0ddc58e3444,838f6aef30f3
60ac0f80-c9d5-4f5d-b40a-d4bdb568e885,981d8111fbf3
798b8dd5-d9f0-4950-b3ab-5072f3c492f1,1a4b910ce310
cd538f8b-6359-4632-b5d6-0e7ec9b89400,a4c1941dabe5
c31fa04c-ca5b-4b09-9617-42537056246f,41c2df857961
3c66d2e7-1532-44dd-8dec-6041574851a1,519c697fdb0e
a7464a56-2269-4b5d-ab23-c59912cf6d05,5df988cb4484
8811ff0c-a5a6-463d-8c55-a07a822365f2,5a77ef81cc06
b9aca2d4-07cc-47aa-bdce-48fee7ecc0eb,e34dbc5b7e36
1d614c55-d2cf-436e-aa53-176ad75eee7a,0a442fb0c3dc
eebfc92c-7c4b-40bb-bc9c-ffc573f46128,87aabfb96ccc
075b916c-4cc4-4d40-aaf6-a917a0074ea0,037473c6db7a
f2b755d4-cbc2-4863-8280-73618d23bd51,d08f25693664
6d3124e4-a7b1-4b01-890f-346c252dd5c3,66bdaaccb756
ab97fe65-e1a6-469d-849b-e536a62edcbe,b974ca1c04b0
9c8617f8-1762-4860-87d5-2b07545fbb6e,b20f859c340e
b07d10da-45c3-44d6-b732-a13e2f6543bd,ec2ecf4e5b73
6f9274ce-bdfb-426f-9d9e-6c40b696a1e3,1c64b9089d5e
03ba567c-7e3c-4567-92cf-8a9f6850ea31,30fb98b10506
26b1d64b-7982-4258-b72e-c6642f9be112,13d10aa1428f
73b5b5ba-ef08-4a6f-b699-711c7d161456,61a4aa3bd34f
d7cae64d-dbe4-4a35-a452-e041a9fabc75,a5ae07e48dfe
720dd846-660a-4c8a-a225-f5dd1232caa5,7ddaf890c332
84accf92-b723-4240-86a4-ec056f50f3f9,b88e9d5eb5e8
47c2197d-0a12-4087-981c-1596cb50b427,94100a8029e6
4e69d923-648f-4fec-8a15-de1622aa4676,cd1d4fe9d7fd
21a33896-e61f-45f0-95ce-eb8fc90c6d37,9fc0a1ce0289
34650152-15e3-431f-8197-7fa46ad922fa,336d619daa7b
88d0b243-a621-4f7f-8938-c3ba0fbea936,179e2393267a
1ebfaac9-2ba3-44f8-8db7-d3d2792df65b,b7478f276a29
fc0c9824-6143-4c78-9596-e46169e7a0e7,ad764d538fda
82274bf8-0bcb-439d-a063-7a4ab0c99c02,55a25e97ffc1
9696b0ed-8243-49ed-a2fc-01ce8ae054ee,a3b13571c312
934fb8ba-502d-479f-a5d7-c6580e065d9c,8636cd4683f1
5f25279a-d155-495a-9724-1b7f54f9c649,1a1aa96c2c4b
1e9a8c98-0a97-431c-ac34-a2272c1b11ff,37231ff6297a
b024ccb4-ec97-4bb7-a3d6-6541c55f9292,d30a6810fd6d
1845d072-f0f2-4a12-bf09-8299198ef68a,2ea8034fb128
d8783e07-0320-4b04-89d0-aa01fd5d4526,d0677113dce9
b0a08842-a139-4320-b359-bddc372ae472,738d63afa813
606d3ede-1d6e-4684-b189-07441dc6a40e,ebdaa29fbb37
28f3821f-455c-41d8-af1e-fdc0ff71fbcd,dd24a7dfe85c
b669186c-0d06-4776-9424-3d458bc9f86d,1a4d849b2746
47f8bd36-e3aa-4764-b168-796cf0a387d4,b3104e94a86e
a70f97e0-63aa-4cfa-9507-cf67db207ba3,b40e1f29f548
18a3ee64-ddf8-440c-b19c-aa47ab8dc873,825b50e6e326
7bb42369-74d1-4fa9-80b0-3a0052baacb2,09a0b835cad7
f0a137c0-237b-4899-ae5a-f137b8e1dbf3,9a302ddb407f
7e100a45-0780-469a-870f-d4e920f6357b,99a9cc5e849c
5d8b89a7-6126-4f2f-ace2-0850fbb8ea3f,f0b581cc1b37
f6f12a0f-7b2d-4fa2-9954-ce638a17ca38,9e7391c18a26
db0548f4-77cb-4a7c-9ad1-0dab8cf19617,cb96d9825a26
55ed040e-a9d5-4cb3-b116-0aedccc6c766,7f2db977e5c2
c295de39-cdb5-42ef-a654-4507ab916990,829d5d4c27ab
bede2eb0-9d50-4383-9dc4-c6442c8d3df9,2d2d46cddf13
00652079-a6a2-4c54-8e79-3e8b1eff675e,a8bb82b3d587
6f30b809-c3e3-4e0c-844c-df2e795e8562,28ddc2dd7ae6
2c7b2a07-0e0d-4c51-83a6-f614e8c05b8e,ec6e334690d5
f82c1014-3900-4c6c-a64b-e076797c795f,ade8a9202fbb
02843be7-e301-49ce-802d-4106633572f7,c0114ae9dfd5
1135acc1-34e2-4ebd-a5a5-1b82fedd5233,a61e5c46b009
ead63d0b-a6a8-4fe5-989b-4ba423f759f8,6659a43226c7
5b57c0c3-811b-4f68-9984-31a6f97aef00,5fec0edd5452
aae74f96-ff73-42fd-8fb8-c6f1d6b813cd,b267a20215a7
453fcf98-7b90-4e3f-a823-88818cb48cac,d9845633c4f7
be046df2-d14c-490d-b0da-76d5a535a7d6,e5aead31f8d2
ee0c239a-3e89-4e54-9ae5-b176250475f4,a70f65c7fbc3
67fb5394-2961-4384-9154-113f04debffe,c84f79f4cd60
917581ad-ecf4-4875-9acb-08ba48db4723,94ed4100604e
0d94dfb7-85b8-4362-8423-0cfaf2dc6305,11c0fc086d5e
9ce4280d-3fbd-442d-b8aa-9ed8c3820eef,2fb9a7998c06
3608309f-65f3-41c1-8f1b-cde8a13adc0d,880e896768ee
8ad46fde-4a67-466e-ab6b-f3dbf4a50db6,996fc199c86a
3d548c18-4c54-458b-99ef-bb9e335f355e,d2da8d6ed3cb
828052f9-e3aa-4351-9009-d378a4219d65,deefda2000c4
f04ec4ed-54e2-4a4c-b985-ffc78409e3e5,515cf59e6c3e
1c603c4d-e869-4142-953f-4a3dc8d58fe5,29438596e3f2
2b84028c-07e9-4b45-8602-059e7d3cd6d6,1579b745dd56
c1e5f340-289e-4c91-82b5-a9764d8a1f9e,46f7a8e569e8
1cac4898-6758-4023-93b6-a7e5051b4292,e5093be8f39b
bf80233f-03bc-47af-9da0-56c562038fbd,64173da44cce
7510dc40-3507-4c32-8204-cedf1113acfa,4eb0c5472631
11a768f4-1a83-4000-b4ae-e0c5e4734d71,221f406fe1ed
e4c4c4c5-1d39-4057-a50d-d0b8b621424f,a01b0ea6a81c
c2f49cdb-a1a9-408b-956e-868588cb5e4a,eb47536a22ac
8e998079-866b-4273-a62c-d03686fc7760,eea33abc719b
431b4d59-9cdd-473c-a35f-7584bd404867,d53266ed2192
8f209676-6f5d-4b61-90b9-a397274388b1,627369720309
b0500505-acef-4487-a0ad-4d776b42736e,b75793e7ed71
38e4f97b-e7d4-47f0-9957-1753182bdf20,72580b4cecba
db8ee45f-99b8-4554-aaf0-94abe447e4b7,5e38d1aed52a
a87d7235-006b-47b3-adea-d5ea78b17a5e,d3ec1507c7c3
4eb40556-afa4-4b83-bd8c-62dc6d2e800c,09a5edfdb068
395ba8a8-1e36-43c0-b096-cf2e3803570b,342fed71e693
8d414530-92da-48ec-ac1e-3a86d60fe4a1,7a2ec189e49d
c4072f3e-b2d1-4cd2-8910-80edb228f2b9,b660c2bbb70d
96e35ddb-8237-4325-af38-d682d3143a42,ee9053d383c7
d5e1d612-306f-456d-bc1d-8d8913711805,f83374e64f9b
3fdb0b9d-8ff7-405e-bc72-6f1ea32df592,2615ce4563f2
3574c3e8-766a-4db1-a4db-a32ea01c3225,fac8069a686b
48bf75e1-b26a-4ba5-b4c7-00f843d85001,f69fd7f4e53d
9efc2c0e-e1e0-41bd-87ab-71895af775fe,4f51100131f9
1499a981-42ab-4246-bbc2-0c346ada5a77,052b2fc76ada
aa2791fb-5582-444b-8ff8-e8a0638224b8,8cfc7bb18412
b463fb38-db2d-4b87-8e48-5a50945c1cb8,73805fe12048
632ebf16-502b-41df-ad40-37472d26c9c1,fae571060fa8
78fbd52d-a9d1-47cd-ae5e-4da1d3a95dfd,e6594785dec2
965dd066-c7fd-4690-935e-9fd6d2fb5288,4c4ee063d27e
0cf855e5-bd20-48c7-963e-f7ebc8a03557,db3e86ff143f
dfbaedfb-245b-4ea8-9cf3-e4983518ece7,6a901466d521
5b3731d5-c9d0-4b7e-b91c-fe49eab43ea1,b244c4acd356
140486bc-a01e-4056-ad11-f12a3e023a0c,df9a01e4fa7b
5a04dc95-e4ab-4bdb-8aea-de7f1def91ee,ae422ea73c61
8db134e1-a841-44bd-bd7c-3c46215da209,47e7b72ca831
ec91bf57-89d4-4e19-8ec2-d89e75f803b5,89c21eac2d83
b278b770-2961-4eb5-a5ef-afc773a45c08,5bcfaddee508
11dd7ee7-2772-458f-8811-3334eac30517,ba85728da468
2703cf35-7a6d-4a6c-8ec5-3c108e84ad14,a635c64b415c
b3b84d67-b21f-47e6-9dc6-719984923927,d7833ff79e5b
67a8644b-3af2-4362-83f6-0296171a6f49,9841d0fbfba7
daeff5b5-bedb-475b-9e36-427a80e7ec77,288ec8e758ce
3ae17353-f692-45c4-8361-c1ca97836466,383b54456783
c9547b60-e550-42d4-bd11-1a9765eda5c5,63e38d7b151b
8212c004-0fe7-4f4d-a259-7a210c8d3647,a4242bdedef1
d5af8d9f-2db3-41e4-b884-70277afa52c8,ff8db2a2a014
38b4f1d1-ab24-4220-9641-986aec5fc91e,4676c0b18c07
f9ed0132-8640-4427-9fa8-24830fc313cf,5e855260c21f
de46622f-6c73-40f6-90c3-d5581043cd18,fa974a023210
ed1d513e-4e53-4778-9a0f-53851ca1844a,3f6bad791623
d1f2ff57-5290-4a9b-92dd-7b91736178a8,d6756963692f
366ab627-f517-4af9-bf63-ae6139cb6c54,cc4de3b83ef1
02fdc7a0-a1d1-4b03-b6ba-15e30828e896,8058085f8a54
0476dec4-1ea9-4cee-ac61-cdd81f5a42d8,9ac84d818263
c94a44e7-cdfe-438f-b466-83c918168490,3da1b333d26c
f36f73dc-c176-4438-88dd-778adc4d409b,2f8c11621458
c1d0a2f6-72c2-4e39-878b-69f11f8a6629,8a6dea9127cf
9d858375-971e-4a3b-aab7-6d202a08c857,6e8eae40388d
16fe85b0-c47c-40e0-958f-f6afaa3e647f,dff0c243d2b8
6f84d6b0-d089-4a61-9b1b-12289d558ca7,cbd7d14e4711
53be114a-49eb-409f-9cb9-fe1d6b98bcc6,07bbbc8387c3
36f36072-e680-45cb-901c-478d0d8c6425,f9bba8b9f7dc
60d54a5a-6cd5-4255-90ac-011f68d203fc,f30df7316d29
986201d6-e9d4-4726-aaf9-cc3d50df66fc,ac04c0588e1c
f7f21c69-d0f3-487a-87cb-91b7574b78a1,fd42d7425a61
b6c92ce9-34c4-4279-b494-6a6d653e00a0,2e339bccb59b
dfecdd6a-add5-4f07-b12d-ab3b3adce443,eae4c3c4c80f
4bfea1ff-7f04-4f6e-b83b-011f53e0315e,11b3c5d07003
13027ccc-7fea-4db3-bb3a-aea521e1781d,675a881057a7
2a1e6a68-cb92-445b-ba01-e66be18f5b7a,fb19849335c9
dec312be-c8b0-4160-bba7-5c53e8be3330,c83b2f001dff
adb2af00-ea89-4aec-8159-c97c7dee9c04,474fb99d3ced
a15ac10e-5cb4-4f1d-b52f-9401288da713,8a0aae0df1e5
9e867402-fd0e-4c05-9a7f-b52c26fb353d,6f3cbbadc338
3ad9276d-40e8-4e4c-b7c1-e888b14832fc,1e4e54993490
637d6538-820f-4678-ab6c-d3dca85448cc,d54c3d53fd90
9b198ec3-611b-4560-8847-df4072d5a717,46a5d5735bcf
af8f177c-c74b-4f6a-829c-6695bfb29aa2,49b2916c1136
6634c935-3461-4e7b-a8cc-38b8b18a3b21,e42d9c013453
fcd3b7b7-b0c9-460b-a53f-a8f6ac635c6f,27c5ee3d1049
73362f67-a625-43f5-ac32-63b2a6e63d21,b1eeaabbe1e8
453681a6-6478-481e-8917-4289d6071cde,184f6dc8ee56
4ff316d4-3777-4c1f-8ca4-ba96e71d0a03,dac28b901b73
ddba06e4-1d9a-47e7-8a43-98cde08c470f,c396afb72243
c64f6b5c-a649-4a14-9ec6-13df96c3e833,24454f1e4d57
d3adfd84-7b15-4f16-9897-3ab2d2cc5bd1,7fa30cf6f097
a4c1bc3d-12eb-4237-9807-17c4ac074bb9,37d3c513a6f6
1a1318cb-6cfd-427d-bd26-f114fc4ba36d,fd5cbe5455e4
7deb005c-b9e7-4f2b-bcd4-0e919164c25a,9f9b1054fe24
b2247673-2b53-4b44-bea0-aeb3420df6d1,f8f2ee4d50c9
cf79e4b8-2467-4703-bbcf-15cec1f56cef,06402aec4a48
7417b911-4dcf-4569-8357-4755a477b2d7,9762998d82da
a143eb70-e1bd-46c1-bfab-66c1b26b62aa,6692a542ddfc
0176f199-3175-4b1e-9861-2e3ebb4c5fcf,8ea2a4c4dbf1
eda2bb9b-eab9-404d-8a96-f9304226a5f8,14af68132978
acf27953-6b6a-4ccf-a28b-83dc1578b632,3dcf52177745
c1fa3b5c-d6fe-43a2-a40a-923d93917f90,09863293fe10
496e0d47-3648-4eed-a7fe-a96171d9e24f,3c26302fb7ea
d618433b-833c-48af-bc99-ae57d66bac4f,b6e6806f7935
ab6077b2-3cce-461f-9b90-3833642b37d6,51e0c0d7201e
313d5465-6895-4557-8f02-e101015c65dd,3a652d41bddc
830b4f67-34b0-4949-a68b-a3966f2decb8,818e6977a83f
634e84ac-f0c7-45d1-a3fc-446e43ee4a84,2c552bb3d2bf
d0222988-cd33-43f8-82d4-bea930f76796,1e9e42595498
c6446e3b-9736-46ea-8b0a-f3e492201903,07e193bc2648
b92f381c-7512-450a-92a0-8d66419e2f39,89c342816f01
5994fad2-5344-4692-aafa-e3bc9e0527d1,db899057c39c
7ff9b950-4514-43b3-a80e-86393d3b7433,154c28ec4c1e
567590fc-265b-462c-94a9-5c7e1cf5b9ce,1d432d49ab9c
48480227-aa51-44fa-afa9-5735f9da1efa,59e827f36c87
0df67cd1-052f-46bf-a418-811b117424b0,2f73a81b3e84
879229de-76c4-499a-b3e8-0ecf463b8dc6,fc51c853cf6b
