merchant_id,name,mcc
025c2aad-7551-4c59-8b17-7e66b4b2c382,Fields-Mueller,5967
17e94527-54d1-4483-a71d-696533ac473e,"Padilla, Simmons and Stevens",5967
0bac4ede-3fb9-4376-a598-edca25382f38,Ramirez-Brown,5411
d9560114-61af-4862-a98b-eaa908223bce,"Bridges, Miles and Leon",4111
5064bf97-7b96-4fae-a0a8-6fc9fd26fddb,Jones-Murphy,5967
b219ad4e-7fad-4b91-bdb7-ca3f30c11a18,"Sparks, Smith and Maxwell",5967
6e8e91a6-ff79-43bd-9e46-233372635c29,"Steele, Lopez and Williams",7995
c8134d8b-9d5a-447d-a47f-b6af550c954c,Adkins-Johnson,5411
fb090e16-1b35-4daa-80eb-375fd3ced865,"Jimenez, Evans and Burke",5411
e9f2f9b9-2893-4586-8f63-ccfebfebf619,"Cox, Jacobs and Hamilton",7995
4bf12814-e230-409a-aedb-9680d59ef4e8,Johnson and Sons,4111
8f62e223-2db9-44d2-9f84-31db56f556b1,"Welch, Phillips and Johnson",5812
d4a4ed64-0ca5-4570-aec5-a9abb2bbd87e,Weaver-Cooper,4111
f3a871c0-cd77-40a1-b08c-b25f7fa40407,Lawrence Ltd,5812
5a2aaa99-e15f-4414-81ac-f3ca3c32c525,"Johnson, Brewer and Harris",5411
c94a4d11-ebcb-459d-9916-f6edfef97a48,Kelly Ltd,5999
f187263d-a7d4-4b9e-ae2b-fc968efebd81,Baird-Williams,4111
fd706c5f-6a68-452a-9b88-353f04ea10b9,Gordon-Murphy,5999
421a4f5d-3038-401b-a9d7-e58452c66be8,"Miller, Davies and Smith",5812
dc90a8e3-3016-4173-a75d-af6dbd9043e7,"Snow, Gallagher and Barker",4111
3d33c86b-3459-45c9-945a-d891b0b76abc,Rich Ltd,5999
b1a7d416-6f55-45d5-84fd-8ad7744b61a1,Fitzgerald-Martinez,5999
155e20fe-b3f5-4b86-9826-c2a8637ed0aa,"Nguyen, Adams and Sanchez",4111
9e92ff28-83e9-4a31-a055-d2be129afad3,"Bennett, Berger and Russell",5999
a249a436-499d-4d4a-87e4-4edae6ee2c96,Blackwell-Reilly,4111
df62f84f-c944-4b3d-a16e-b45150831f55,Miller-Phillips,5999
4920e607-b153-41bb-9723-b443ff99f4b1,Webb-Bell,5411
d332c960-55d9-40f5-a359-1d2c51b94a6b,Bauer-Cervantes,4111
1eb4cb8f-eca7-45e6-9eb1-205f922d99a9,Fuentes Inc,5411
4825df39-dd8a-4505-9197-5ca61f63b8bb,Washington-Burton,7995
e5d20a9c-f6de-42d6-aa48-3d1da45af31d,"Young, Williams and Collins",5967
c3e7ace5-be6e-49cf-a91b-814f957ace33,"Moore, Perkins and Neal",5411
30d0591e-1394-4764-9250-cceea7113752,"James, Smith and Herrera",5999
7791d810-5ba3-4e92-8166-ea92ee9ce6c0,"Sandoval, Ruiz and Lam",5812
b9618c84-e3b4-42b1-a468-716a981f556e,"Smith, Hood and Anthony",7995
34274ae1-4e81-48e7-85c5-86a36e9a5fcd,"West, Wells and Collins",5411
84221d4b-4944-4994-8efb-3bddf0d5562d,"Weeks, Scott and Ross",7995
7e4876e7-adf7-4405-9f65-010c340cebc1,Thomas-Tate,5411
73fff191-b17f-459d-bfc8-b3b7ce4c527b,"Mckee, Carter and Phillips",5411
166a06b0-6b05-43c2-b10c-1884ab252907,Thomas PLC,5812
316e2281-2f70-4412-a682-956e1cd23f1c,Woods-Rose,5812
75e7966c-4113-4440-83f1-6e8aab8d354f,"Vang, Rogers and Ramos",5411
88e6a904-4588-40bc-9ae0-f61d1ea04005,Wagner-Maynard,5967
c7c4c52c-275f-460d-a3aa-8f5d9cea0f28,Castillo-Acevedo,5812
8fc4feb3-d6a6-47f2-a533-461b41b94e27,Taylor-Smith,5812
a29f008e-13b1-43be-8f89-c2e6e5cea921,"Haynes, Hill and Adams",5812
4b0abe36-214e-43de-a80b-e947f884067f,Williams-Perkins,4111
63f753ac-5988-43bb-8496-02520a289f85,"Lopez, Rodriguez and Smith",7995
bb3a4562-d538-40a9-8e39-af9339be5ce8,Thompson and Sons,5411
f1b78976-bfcc-417e-97f5-1f9bad3943d8,Williams LLC,5967
09cd3279-86a4-44d4-b27c-6151095855e0,Sims Inc,5812
e01c6eb2-65b5-4be8-adba-9962117b5e08,"Kidd, Crosby and Duarte",4111
a5d808f3-0373-4b6a-8191-895e675f2587,Foley-Thompson,7995
c17cddd5-cf95-4f44-9cb7-4f54721032d1,Martin-Buckley,5999
763b8ab4-92e2-4019-ad92-b2e18425028b,Ruiz-Warren,5999
9617370e-935e-4777-9926-707d064b0bea,"Guerrero, Maldonado and Tucker",5812
e8e01322-fe5a-410e-9bad-fac3f2014613,Lopez-Payne,5967
94164ff8-df52-40f2-9005-5da33391daa7,Murphy Inc,5967
da9e0438-ffba-41d9-a38f-0c2d897d4676,Ford LLC,7995
53ce64a3-8dd4-4e02-8fd4-b281ba2bbe23,Freeman LLC,7995
